{"cameraMode":{"drawMode":0,"name":"Shaded","section":"Shading Mode"},"sceneLighting":true,"audioPlay":false,"sceneViewState":{"showFog":true,"showMaterialUpdate":true,"showSkybox":true,"showFlares":true,"showImageEffects":true,"showParticleSystems":true},"in2DMode":false,"pivot":{"x":1.9526729583740235,"y":-46.657466888427737,"z":169.7991485595703},"rotation":{"x":-0.12894466519355775,"y":0.01100329402834177,"z":-0.0014306834200397134,"w":-0.9915897250175476},"size":221.88311767578126,"orthographic":false}