{"cameraMode":{"drawMode":0,"name":"Shaded","section":"Shading Mode"},"sceneLighting":true,"audioPlay":false,"sceneViewState":{"showFog":true,"showMaterialUpdate":true,"showSkybox":true,"showFlares":true,"showImageEffects":true,"showParticleSystems":true},"in2DMode":false,"pivot":{"x":221.2137908935547,"y":-79.8059310913086,"z":62.701446533203128},"rotation":{"x":-0.35392069816589358,"y":-0.2422449290752411,"z":0.09544175118207932,"w":-0.8983030915260315},"size":154.3755645751953,"orthographic":false}