{"cameraMode":{"drawMode":0,"name":"Shaded","section":"Shading Mode"},"sceneLighting":true,"audioPlay":false,"sceneViewState":{"showFog":true,"showMaterialUpdate":true,"showSkybox":true,"showFlares":true,"showImageEffects":true,"showParticleSystems":true},"in2DMode":false,"pivot":{"x":233.31211853027345,"y":7.485073566436768,"z":-15.87613296508789},"rotation":{"x":-0.05719667300581932,"y":0.05447854846715927,"z":-0.003125667106360197,"w":-0.9968705773353577},"size":23.901906967163087,"orthographic":false}