{"cameraMode":{"drawMode":0,"name":"Shaded","section":"Shading Mode"},"sceneLighting":true,"audioPlay":false,"sceneViewState":{"showFog":true,"showMaterialUpdate":true,"showSkybox":true,"showFlares":true,"showImageEffects":true,"showParticleSystems":true},"in2DMode":false,"pivot":{"x":405.7939758300781,"y":-291.2371520996094,"z":153.43399047851563},"rotation":{"x":-0.46492400765419009,"y":-0.18289420008659364,"z":0.09880552440881729,"w":-0.8606002926826477},"size":458.9520263671875,"orthographic":false}