{"cameraMode":{"drawMode":0,"name":"Shaded","section":"Shading Mode"},"sceneLighting":false,"audioPlay":false,"sceneViewState":{"showFog":true,"showMaterialUpdate":false,"showSkybox":true,"showFlares":true,"showImageEffects":true,"showParticleSystems":true},"in2DMode":false,"pivot":{"x":18.95364761352539,"y":-3.3986740112304689,"z":-259.3999938964844},"rotation":{"x":0.10209327191114426,"y":0.03131933510303497,"z":-0.003216269426047802,"w":0.9942765235900879},"size":22.0,"orthographic":false}