{"cameraMode":{"drawMode":0,"name":"Shaded","section":"Shading Mode"},"sceneLighting":true,"audioPlay":false,"sceneViewState":{"showFog":true,"showMaterialUpdate":false,"showSkybox":true,"showFlares":true,"showImageEffects":true,"showParticleSystems":true},"in2DMode":false,"pivot":{"x":786.1206665039063,"y":-111.42853546142578,"z":10.77333927154541},"rotation":{"x":-0.014047623611986637,"y":0.6962682604789734,"z":0.013634514063596726,"w":0.7175147533416748},"size":188.97698974609376,"orthographic":false}