{"cameraMode":{"drawMode":0,"name":"Shaded","section":"Shading Mode"},"sceneLighting":false,"audioPlay":false,"sceneViewState":{"showFog":true,"showMaterialUpdate":false,"showSkybox":true,"showFlares":true,"showImageEffects":true,"showParticleSystems":true},"in2DMode":false,"pivot":{"x":127.78902435302735,"y":-33.26691818237305,"z":20.193809509277345},"rotation":{"x":-0.16716547310352326,"y":-0.484439879655838,"z":0.0948854386806488,"w":-0.8534462451934815},"size":71.44709777832031,"orthographic":false}