{"cameraMode":{"drawMode":0,"name":"Shaded","section":"Shading Mode"},"sceneLighting":false,"audioPlay":false,"sceneViewState":{"showFog":true,"showMaterialUpdate":false,"showSkybox":true,"showFlares":true,"showImageEffects":true,"showParticleSystems":true},"in2DMode":false,"pivot":{"x":1238.911376953125,"y":-536.3228759765625,"z":2182.4677734375},"rotation":{"x":0.2205285280942917,"y":0.192214235663414,"z":-0.04437737911939621,"w":0.9552233219146729},"size":2922.791259765625,"orthographic":false}