{"cameraMode":{"drawMode":0,"name":"Shaded","section":"Shading Mode"},"sceneLighting":false,"audioPlay":false,"sceneViewState":{"showFog":true,"showMaterialUpdate":false,"showSkybox":true,"showFlares":true,"showImageEffects":true,"showParticleSystems":true},"in2DMode":false,"pivot":{"x":-20.480676651000978,"y":-11.002992630004883,"z":89.8040771484375},"rotation":{"x":0.19315221905708314,"y":-0.32826703786849978,"z":0.06876324117183685,"w":0.9220654368400574},"size":53.776023864746097,"orthographic":false}