{"cameraMode":{"drawMode":0,"name":"Shaded","section":"Shading Mode"},"sceneLighting":true,"audioPlay":false,"sceneViewState":{"showFog":true,"showMaterialUpdate":false,"showSkybox":true,"showFlares":true,"showImageEffects":true,"showParticleSystems":true},"in2DMode":false,"pivot":{"x":-6.914642333984375,"y":2.721428871154785,"z":-12.26955795288086},"rotation":{"x":0.1883895993232727,"y":-0.2280876189470291,"z":0.045032765716314319,"w":0.9541789889335632},"size":41.250003814697269,"orthographic":false}