{"cameraMode":{"drawMode":0,"name":"Shaded","section":"Shading Mode"},"sceneLighting":false,"audioPlay":false,"sceneViewState":{"showFog":true,"showMaterialUpdate":false,"showSkybox":true,"showFlares":true,"showImageEffects":true,"showParticleSystems":true},"in2DMode":false,"pivot":{"x":-0.40526050329208376,"y":1.6494828462600709,"z":-1.0845365524291993},"rotation":{"x":-0.007271905429661274,"y":0.9914994239807129,"z":0.0636536255478859,"w":0.11324437707662583},"size":4.148590087890625,"orthographic":false}