{"cameraMode":{"drawMode":0,"name":"Shaded","section":"Shading Mode"},"sceneLighting":false,"audioPlay":false,"sceneViewState":{"showFog":true,"showMaterialUpdate":false,"showSkybox":true,"showFlares":true,"showImageEffects":true,"showParticleSystems":true},"in2DMode":false,"pivot":{"x":0.13677142560482026,"y":0.28120189905166628,"z":-1.2132066488265992},"rotation":{"x":0.019539229571819307,"y":0.9610849618911743,"z":-0.26639020442962649,"w":0.07049985229969025},"size":4.148590087890625,"orthographic":false}