{"cameraMode":{"drawMode":0,"name":"Shaded","section":"Shading Mode"},"sceneLighting":false,"audioPlay":false,"sceneViewState":{"showFog":true,"showMaterialUpdate":false,"showSkybox":true,"showFlares":true,"showImageEffects":true,"showParticleSystems":true},"in2DMode":false,"pivot":{"x":0.19774708151817323,"y":-20.512582778930665,"z":-3.7237319946289064},"rotation":{"x":-0.013235820457339287,"y":0.0005348212434910238,"z":-0.000005841852726007346,"w":-0.9999122619628906},"size":22.0,"orthographic":false}