{"cameraMode":{"drawMode":0,"name":"Shaded","section":"Shading Mode"},"sceneLighting":false,"audioPlay":false,"sceneViewState":{"showFog":true,"showMaterialUpdate":false,"showSkybox":true,"showFlares":true,"showImageEffects":true,"showParticleSystems":true},"in2DMode":false,"pivot":{"x":-0.9589974284172058,"y":0.06532084941864014,"z":-1.1117156744003297},"rotation":{"x":-0.10971201211214066,"y":0.8739460706710815,"z":-0.23244896531105042,"w":-0.4124913811683655},"size":3.782423734664917,"orthographic":false}