{"cameraMode":{"drawMode":0,"name":"Shaded","section":"Shading Mode"},"sceneLighting":true,"audioPlay":false,"sceneViewState":{"showFog":true,"showMaterialUpdate":false,"showSkybox":true,"showFlares":true,"showImageEffects":true,"showParticleSystems":true},"in2DMode":false,"pivot":{"x":142.2987060546875,"y":-97.33365631103516,"z":680.3718872070313},"rotation":{"x":-0.055923156440258029,"y":0.024269653484225274,"z":-0.0013607143191620708,"w":-0.9981391429901123},"size":680.6192016601563,"orthographic":false}