{"cameraMode":{"drawMode":0,"name":"Shaded","section":"Shading Mode"},"sceneLighting":true,"audioPlay":false,"sceneViewState":{"showFog":true,"showMaterialUpdate":false,"showSkybox":true,"showFlares":true,"showImageEffects":true,"showParticleSystems":true},"in2DMode":false,"pivot":{"x":-1.7304006814956666,"y":-0.19337694346904756,"z":0.31403979659080508},"rotation":{"x":0.011411556042730809,"y":0.9621774554252625,"z":-0.040799908339977267,"w":0.26910895109176638},"size":3.332840919494629,"orthographic":false}