{"cameraMode":{"drawMode":0,"name":"Shaded","section":"Shading Mode"},"sceneLighting":false,"audioPlay":false,"sceneViewState":{"showFog":true,"showMaterialUpdate":false,"showSkybox":true,"showFlares":true,"showImageEffects":true,"showParticleSystems":true},"in2DMode":false,"pivot":{"x":-19.749303817749025,"y":-2.530886173248291,"z":5.267061710357666},"rotation":{"x":0.06963236629962921,"y":-0.15547475218772889,"z":0.010986419394612313,"w":0.9853214025497437},"size":862.368896484375,"orthographic":false}